relationship,x_col,y_col,pearson,spearman,corr_gap,abs_pearson,max_family_corr,min_family_corr,family_spread,screening_classification,follow_up_note
D01: Innovation ↔ Social Stability,dim_innovation_capacity,dim_social_stability,0.8056637114749998,0.8235653235653235,0.017901612090323704,0.8056637114749998,0.5844678969026781,0.13317011101374807,0.45129778588893,Strong / Mixed Candidate,
D02: Human Capital ↔ Innovation,dim_human_capital_capacity,dim_innovation_capacity,0.40606122319542176,0.28083028083028083,0.12523094236514093,0.40606122319542176,0.9372528604252147,0.07458106583534403,0.8626717945898706,Medium / Family-Dependent Candidate,
D03: Fiscal Flexibility ↔ Adaptive Transformation,dim_fiscal_flexibility,dim_adaptive_transformation,-0.3695449445063974,-0.25824175824175827,0.11130318626463914,0.3695449445063974,0.814495881979204,0.3631498771834628,0.45134600479574116,Medium / Family-Dependent Candidate,
D04: Innovation ↔ Security,dim_innovation_capacity,dim_security_reprioritization,-0.3410352768018104,-0.49145299145299143,0.15041771465118103,0.3410352768018104,0.41347966445762574,0.02258486800204628,0.39089479645557945,Medium / Needs Inspection,
D05: Social Stability ↔ Security,dim_social_stability,dim_security_reprioritization,-0.33378210476114756,-0.4218559218559218,0.08807381709477424,0.33378210476114756,0.620662760914111,0.24609925012365716,0.3745635107904538,Medium / Family-Dependent Candidate,
